trial_id,Event:Triage_time,Event:PlayerSprinting_time,navigating_time,green_victims_saved_count,yellow_victims_saved_count,triaging_order,percent_zone_visited_simple,percent_zone_revisited_simple,percent_zone_visited_with_victim,percent_zone_revisited_with_victim,percent_zone_visited_rooms,percent_zone_revisited_rooms,percent_zone_visited_hallways,percent_zone_revisited_hallways,percent_zone_visited_entrances,percent_zone_revisited_entrances,percent_zone_visited_first_5min,percent_zone_revisited_first_5min,percent_zone_visited_second_5min,percent_zone_revisited_second_5min
3,217.582,73.388,306.7129999999999,17,6,GGGYGYGGYGYYGYGGGGGGGGG,0.9655172413793104,0.8620689655172413,0.9375,0.75,1.0,1.0,1.0,1.0,1.0,1.0,0.6896551724137931,0.41379310344827586,0.7586206896551724,0.6551724137931034
4,210.38,168.767,338.88,18,5,YYGYGYGGGGYGGGGGGGGGGGG,0.9864864864864865,0.7297297297297297,1.0,0.4444444444444444,1.0,1.0,1.0,1.0,1.0,1.0,0.6351351351351351,0.36486486486486486,0.7567567567567568,0.5675675675675675
6,198.145,18.987,297.67400000000015,14,6,YYYYYYGGGGGGGGGGGGGG,0.9655172413793104,0.8275862068965517,1.0,0.75,1.0,1.0,1.0,1.0,1.0,1.0,0.7931034482758621,0.3793103448275862,0.8275862068965517,0.5517241379310345
7,218.34,160.929,339.27700000000004,17,6,YYYGYGGGYYGGGGGGGGGGGGG,0.8783783783783784,0.6081081081081081,0.9444444444444444,0.5,1.0,1.0,1.0,1.0,1.0,1.0,0.581081081081081,0.33783783783783783,0.4864864864864865,0.36486486486486486
8,188.245,25.439,235.13000000000005,13,6,YYYYYGYGGGGGGGGGGGG,0.7931034482758621,0.6551724137931034,0.8125,0.625,1.0,1.0,1.0,1.0,1.0,1.0,0.7586206896551724,0.5172413793103449,0.5862068965517241,0.27586206896551724
9,232.769,143.59,311.7739999999998,16,7,YYGYYYYYGGGGGGGGGGGGGGG,0.7432432432432432,0.5405405405405406,0.8888888888888888,0.5555555555555556,1.0,1.0,1.0,1.0,1.0,1.0,0.5,0.32432432432432434,0.6486486486486487,0.43243243243243246
10,214.704,75.962,254.71400000000008,18,5,YGGGGYYYYGGGGGGGGGGGGGG,1.0,0.7931034482758621,1.0,0.625,1.0,1.0,1.0,1.0,1.0,1.0,0.7241379310344828,0.3448275862068966,0.7931034482758621,0.6206896551724138
11,278.04,169.545,266.43700000000007,19,9,YYYYYYYYYGGGGGGGGGGGGGGGGGGG,0.8648648648648649,0.6891891891891891,0.9444444444444444,0.6111111111111112,1.0,1.0,1.0,1.0,1.0,1.0,0.6891891891891891,0.32432432432432434,0.7567567567567568,0.4594594594594595
12,203.345,65.657,341.90099999999984,15,6,YYYYYYGGGGGGGGGGGGGGG,0.972972972972973,0.7432432432432432,0.9444444444444444,0.5555555555555556,1.0,1.0,1.0,1.0,1.0,1.0,0.7567567567567568,0.47297297297297297,0.7027027027027027,0.4594594594594595
13,254.168,31.305,295.4119999999998,19,7,YYYYYYYGGGGGGGGGGGGGGGGGGG,0.9655172413793104,0.8275862068965517,1.0,0.8125,1.0,1.0,1.0,1.0,1.0,1.0,0.7931034482758621,0.5862068965517241,0.9310344827586207,0.5862068965517241
14,107.868,6.618,147.33300000000014,12,1,YGGGGGGGGGGGG,0.7931034482758621,0.4827586206896552,0.75,0.3125,1.0,1.0,1.0,1.0,1.0,1.0,0.4827586206896552,0.20689655172413793,0.4482758620689655,0.1724137931034483
15,127.971,1.327,181.47100000000017,9,4,YYGYGYGGGGGGG,0.5405405405405406,0.33783783783783783,0.6111111111111112,0.2777777777777778,1.0,1.0,1.0,1.0,1.0,1.0,0.3918918918918919,0.2702702702702703,0.20270270270270271,0.06756756756756757
